{"cameraMode":{"drawMode":0,"name":"Shaded","section":"Shading Mode"},"sceneLighting":true,"audioPlay":false,"sceneViewState":{"m_AlwaysRefresh":true,"showFog":true,"showSkybox":true,"showFlares":true,"showImageEffects":true,"showParticleSystems":true,"showVisualEffectGraphs":true,"m_FxEnabled":true},"in2DMode":false,"pivot":{"x":109.95222473144531,"y":184.94871520996095,"z":-76.43421173095703},"rotation":{"x":-0.14444845914840699,"y":0.8054298758506775,"z":0.21869586408138276,"w":0.5316115617752075},"size":141.0323028564453,"orthographic":false}