{"cameraMode":{"drawMode":0,"name":"Shaded","section":"Shading Mode"},"sceneLighting":true,"audioPlay":false,"sceneViewState":{"m_AlwaysRefresh":true,"showFog":true,"showSkybox":true,"showFlares":true,"showImageEffects":true,"showParticleSystems":true,"showVisualEffectGraphs":true,"m_FxEnabled":true},"in2DMode":false,"pivot":{"x":402.7389831542969,"y":451.7339782714844,"z":-4.065643310546875},"rotation":{"x":-0.0071859462186694149,"y":-0.017621755599975587,"z":-0.00021626974921673536,"w":0.9998276829719544},"size":340.4648742675781,"orthographic":false}