{"cameraMode":{"drawMode":0,"name":"Shaded","section":"Shading Mode"},"sceneLighting":true,"audioPlay":false,"sceneViewState":{"m_AlwaysRefresh":true,"showFog":true,"showSkybox":true,"showFlares":true,"showImageEffects":true,"showParticleSystems":true,"showVisualEffectGraphs":true,"m_FxEnabled":true},"in2DMode":false,"pivot":{"x":404.47564697265627,"y":224.14804077148438,"z":-35.4432373046875},"rotation":{"x":0.04374580457806587,"y":0.04681125283241272,"z":-0.002141121542081237,"w":0.9979547262191773},"size":155.17486572265626,"orthographic":false}