{"cameraMode":{"drawMode":0,"name":"Shaded","section":"Shading Mode"},"sceneLighting":true,"audioPlay":false,"sceneViewState":{"m_AlwaysRefresh":true,"showFog":true,"showSkybox":true,"showFlares":true,"showImageEffects":true,"showParticleSystems":true,"showVisualEffectGraphs":true,"m_FxEnabled":true},"in2DMode":false,"pivot":{"x":-80.55876922607422,"y":197.36251831054688,"z":-25.580413818359376},"rotation":{"x":-0.11719564348459244,"y":-0.8657835125923157,"z":0.42340007424354555,"w":-0.23987753689289094},"size":104.16458892822266,"orthographic":false}