{"cameraMode":{"drawMode":0,"name":"Shaded","section":"Shading Mode"},"sceneLighting":true,"audioPlay":false,"sceneViewState":{"m_AlwaysRefresh":true,"showFog":true,"showSkybox":true,"showFlares":true,"showImageEffects":true,"showParticleSystems":true,"showVisualEffectGraphs":true,"m_FxEnabled":true},"in2DMode":false,"pivot":{"x":14.634316444396973,"y":-8.584651947021485,"z":10.193181991577149},"rotation":{"x":0.6774423122406006,"y":0.00683081429451704,"z":-0.006424011662602425,"w":0.735530436038971},"size":27.726585388183595,"orthographic":false}