{"cameraMode":{"drawMode":0,"name":"Shaded","section":"Shading Mode"},"sceneLighting":true,"audioPlay":false,"sceneViewState":{"m_AlwaysRefresh":true,"showFog":true,"showSkybox":true,"showFlares":true,"showImageEffects":true,"showParticleSystems":true,"showVisualEffectGraphs":true,"m_FxEnabled":true},"in2DMode":false,"pivot":{"x":764.0944213867188,"y":208.9210205078125,"z":-107.77926635742188},"rotation":{"x":-0.07667535543441773,"y":-0.040426041930913928,"z":0.0032036532647907736,"w":-0.996297299861908},"size":194.72390747070313,"orthographic":false}